N,P,K,temperature,humidity,ph,rainfall,label
60,49,34,29.79,86.06,7.3,249.41,rice
94,73,69,34.25,88.01,6.94,200.53,rice
104,59,45,28.74,85.32,6.73,273.16,rice
70,56,69,26.67,83.86,7.42,239.74,rice
61,38,54,31.43,80.4,6.4,235.91,rice
40,48,35,22.67,80.09,6.94,207.7,rice
94,40,30,21.75,81.25,6.94,291.22,rice
91,51,40,26.25,86.54,6.38,280.67,rice
113,20,33,23.46,87.33,6.72,249.73,rice
120,36,46,29.57,85.13,6.61,292.61,rice
83,64,25,25.42,82.32,7.44,238.72,rice
83,61,58,32.44,81.85,6.35,217.93,rice
60,30,67,24.15,84.08,6.07,277.84,rice
110,75,60,26.33,85.99,6.65,293.54,rice
66,23,22,31.66,80.59,7.2,298.13,rice
87,23,30,29.72,82.49,6.64,225.35,rice
93,51,69,27.24,87.67,6.41,278.86,rice
70,34,36,30.25,82.51,6.87,287.83,rice
49,74,44,24.94,80.57,7.2,203.77,rice
101,23,41,26.38,86.43,7.37,214.34,rice
112,53,56,23.42,56.73,6.09,352.29,wheat
103,24,45,20.35,63.93,6.94,448.0,wheat
78,72,65,23.31,61.33,6.12,489.97,wheat
77,20,69,24.04,51.06,6.83,381.78,wheat
58,59,35,10.8,63.12,6.87,425.07,wheat
116,73,53,14.17,54.04,6.07,494.62,wheat
89,64,37,16.6,63.04,6.82,402.83,wheat
107,23,25,11.18,59.71,6.99,405.96,wheat
79,72,51,21.24,63.76,6.27,361.08,wheat
53,64,45,16.81,51.94,6.62,340.33,wheat
73,78,59,11.33,61.51,6.02,477.07,wheat
70,31,36,16.06,56.82,6.79,452.19,wheat
51,67,32,22.3,52.34,6.23,357.89,wheat
99,50,23,15.32,60.21,6.61,475.2,wheat
120,60,41,24.14,63.59,6.81,460.34,wheat
72,38,40,24.28,67.66,6.43,374.01,wheat
108,64,20,20.2,61.6,6.66,398.14,wheat
119,69,28,10.57,50.27,6.43,386.43,wheat
97,27,51,20.02,69.75,6.55,427.33,wheat
43,66,25,19.93,63.67,6.91,486.72,wheat
114,59,55,25.72,80.27,7.1,654.69,maize
48,65,49,23.58,84.43,6.74,562.45,maize
87,74,57,18.72,84.65,7.17,652.74,maize
119,59,57,29.84,78.04,6.93,576.24,maize
78,20,36,22.73,77.03,7.23,523.84,maize
85,51,32,27.4,77.08,6.72,619.28,maize
76,55,52,24.59,84.13,6.51,578.64,maize
106,75,57,27.79,76.94,7.03,508.65,maize
113,51,35,20.37,83.84,7.39,542.16,maize
71,50,55,26.13,79.33,7.46,536.79,maize
90,49,59,29.59,81.77,6.78,639.27,maize
91,25,62,26.47,84.32,6.76,673.34,maize
56,56,62,27.53,76.63,6.43,509.76,maize
103,36,34,22.5,82.16,7.09,673.51,maize
58,35,41,23.62,71.94,6.78,552.62,maize
58,70,53,18.31,70.75,6.45,641.93,maize
48,47,59,29.33,75.04,7.15,570.24,maize
76,55,70,25.24,81.15,6.24,581.89,maize
62,21,24,25.7,73.46,6.4,667.82,maize
105,31,55,21.56,82.7,7.03,611.03,maize
84,62,27,16.28,43.13,6.14,313.68,barley
85,50,47,17.37,54.09,6.29,305.51,barley
116,57,61,16.88,46.05,6.72,275.04,barley
79,36,34,10.86,48.57,6.78,335.84,barley
61,76,25,18.13,58.49,6.09,268.62,barley
110,80,23,15.03,57.21,6.89,296.14,barley
98,39,64,11.22,40.34,6.4,253.31,barley
45,36,67,16.12,46.69,6.7,349.88,barley
85,28,54,18.97,43.55,6.99,331.41,barley
116,50,51,10.22,46.56,6.67,347.62,barley
84,56,56,19.22,40.09,6.62,263.7,barley
45,76,54,18.44,53.99,6.03,322.15,barley
65,65,24,16.27,44.88,6.05,256.2,barley
116,33,23,19.67,47.24,6.95,316.35,barley
52,77,30,18.03,58.51,6.34,278.91,barley
42,64,36,13.63,47.79,6.99,276.05,barley
97,22,50,12.8,55.59,6.8,325.43,barley
101,51,60,17.38,46.02,6.49,262.99,barley
117,46,69,15.37,49.26,6.02,318.92,barley
70,20,66,18.0,57.6,6.11,292.84,barley
70,79,55,32.91,85.14,7.05,1400.82,sugarcane
106,54,35,36.58,85.38,6.87,1252.43,sugarcane
70,68,26,32.37,86.63,6.87,1377.12,sugarcane
61,46,23,28.33,93.71,7.41,1060.37,sugarcane
72,30,70,26.61,92.43,6.91,1172.5,sugarcane
61,56,33,32.98,80.13,7.21,1517.49,sugarcane
45,69,58,26.91,81.67,7.34,1320.12,sugarcane
91,21,36,36.59,88.44,6.96,1127.78,sugarcane
68,71,41,31.94,83.36,6.78,1060.87,sugarcane
111,29,53,32.15,85.77,6.92,1519.22,sugarcane
115,47,53,34.29,85.28,7.32,1587.46,sugarcane
64,25,56,28.22,94.44,7.21,1489.68,sugarcane
99,49,37,29.56,88.08,6.91,1016.31,sugarcane
49,60,67,28.99,80.84,6.58,1489.58,sugarcane
82,23,58,34.88,93.66,7.31,1084.8,sugarcane
79,72,41,27.95,84.14,7.04,1466.25,sugarcane
109,48,37,29.09,92.55,7.08,1087.04,sugarcane
100,62,49,27.38,82.56,6.87,1368.73,sugarcane
99,33,62,29.24,82.52,7.19,1012.16,sugarcane
103,79,58,32.81,81.72,6.78,1547.44,sugarcane
44,69,53,34.8,71.67,6.63,748.31,cotton
71,21,57,30.8,60.98,6.09,846.09,cotton
68,54,55,27.49,63.51,6.21,823.8,cotton
57,68,40,28.52,67.24,6.91,773.47,cotton
81,35,64,33.96,63.93,6.24,808.4,cotton
108,27,61,29.93,64.39,6.07,895.42,cotton
90,68,63,34.59,63.1,6.66,768.95,cotton
119,31,69,32.3,61.55,7.0,838.21,cotton
61,57,50,29.98,60.55,6.17,758.82,cotton
40,21,45,34.04,68.79,6.44,762.32,cotton
61,28,47,34.24,69.44,6.21,880.94,cotton
51,73,44,29.73,72.04,6.45,815.45,cotton
61,29,61,34.55,60.4,6.66,805.7,cotton
60,21,23,27.19,70.37,6.8,802.49,cotton
73,27,61,29.81,60.42,6.67,882.08,cotton
70,79,26,29.63,65.13,6.68,896.77,cotton
109,20,58,28.74,66.53,6.1,893.52,cotton
113,71,59,25.62,64.64,6.97,836.16,cotton
58,61,69,27.7,69.23,6.51,708.37,cotton
56,51,22,27.03,69.39,6.2,710.52,cotton
42,54,44,15.5,46.96,6.13,520.22,chickpea
89,65,30,27.28,41.62,6.35,513.76,chickpea
41,64,27,26.23,58.28,6.55,463.78,chickpea
44,22,67,26.91,45.0,7.32,311.95,chickpea
120,76,54,20.66,54.63,6.89,534.29,chickpea
73,47,55,29.58,52.91,6.12,581.85,chickpea
88,60,43,22.46,40.42,7.29,510.15,chickpea
92,37,41,20.41,47.81,6.39,469.72,chickpea
56,79,69,27.22,59.71,6.04,490.55,chickpea
92,23,40,26.36,49.3,7.05,532.63,chickpea
61,29,63,28.91,54.64,6.23,310.67,chickpea
52,71,23,24.48,51.14,6.67,488.89,chickpea
53,74,39,25.73,50.38,7.28,352.83,chickpea
64,36,35,18.15,49.09,6.59,418.58,chickpea
85,59,42,24.28,55.31,7.0,348.09,chickpea
77,78,30,27.92,53.59,6.81,309.17,chickpea
109,67,35,16.72,47.64,7.4,332.93,chickpea
61,35,41,25.69,40.31,6.5,365.8,chickpea
70,53,51,29.71,47.34,7.06,547.78,chickpea
44,23,49,28.05,50.44,6.87,528.75,chickpea
96,39,25,21.29,44.99,6.34,263.51,lentil
52,25,66,13.37,40.6,6.94,338.17,lentil
89,77,68,18.39,52.28,6.53,339.31,lentil
90,53,34,21.39,40.67,6.82,258.29,lentil
114,21,33,10.28,48.99,6.02,277.25,lentil
53,38,23,18.36,45.7,6.33,263.82,lentil
63,39,30,16.17,53.92,6.52,321.61,lentil
91,61,70,22.56,48.86,6.41,251.41,lentil
75,45,67,17.19,56.25,6.57,416.16,lentil
109,78,65,15.95,58.87,6.46,344.9,lentil
97,26,39,11.17,51.51,6.77,419.77,lentil
61,63,53,14.28,52.44,6.48,484.25,lentil
89,49,34,17.3,56.29,6.78,443.38,lentil
76,31,65,13.79,56.26,6.44,435.47,lentil
42,27,53,20.16,52.22,6.84,393.97,lentil
99,51,64,10.59,43.47,6.55,324.53,lentil
111,78,22,11.53,46.56,6.75,352.51,lentil
96,54,37,11.1,41.05,6.4,260.06,lentil
67,55,27,13.86,56.12,6.26,462.54,lentil
91,73,43,14.47,49.84,6.48,297.2,lentil
72,50,27,11.78,59.38,6.9,466.44,mustard
84,27,64,24.16,68.76,6.96,364.56,mustard
91,73,65,21.9,68.49,6.67,321.18,mustard
99,22,50,16.94,53.04,6.37,385.45,mustard
44,62,68,11.45,54.43,7.22,338.87,mustard
112,71,53,16.11,68.6,6.21,329.39,mustard
82,27,60,10.91,58.36,6.86,495.68,mustard
58,76,28,16.55,58.93,7.06,475.3,mustard
90,28,38,17.41,53.08,6.2,318.83,mustard
43,37,43,15.45,68.05,6.55,316.18,mustard
99,80,57,20.15,51.75,6.6,305.3,mustard
118,43,69,23.43,64.16,6.88,412.39,mustard
54,24,31,12.5,56.59,6.58,351.75,mustard
54,62,51,14.19,69.79,6.37,305.4,mustard
42,43,20,19.0,54.0,6.98,409.8,mustard
84,53,46,10.88,69.09,6.16,442.46,mustard
63,69,46,15.65,67.57,7.27,433.92,mustard
92,28,29,17.41,50.27,7.37,342.74,mustard
70,30,63,23.69,51.72,6.2,357.58,mustard
77,41,50,23.14,59.55,7.31,419.88,mustard
55,34,64,29.67,69.41,6.82,788.95,groundnut
101,53,57,32.17,76.29,6.39,652.95,groundnut
47,34,59,29.23,71.43,6.55,708.7,groundnut
44,22,42,31.71,62.54,6.73,707.12,groundnut
64,58,59,21.13,65.26,6.77,536.89,groundnut
52,53,48,32.88,68.59,6.44,737.79,groundnut
63,66,24,31.75,75.75,6.13,524.89,groundnut
83,51,45,31.81,70.12,6.84,542.58,groundnut
104,62,44,32.83,67.52,6.11,606.63,groundnut
91,55,53,29.34,77.2,6.73,554.75,groundnut
119,27,63,31.53,67.52,6.72,635.23,groundnut
87,41,67,34.85,75.33,6.02,589.07,groundnut
95,29,55,33.0,66.93,6.25,748.47,groundnut
86,30,38,21.12,67.98,6.82,683.25,groundnut
50,21,25,27.53,67.79,6.88,715.4,groundnut
56,24,31,21.63,67.64,6.38,751.81,groundnut
46,77,56,22.29,66.54,6.64,760.65,groundnut
115,55,68,33.62,60.23,6.07,622.01,groundnut
64,53,26,32.24,76.03,6.16,520.18,groundnut
119,64,62,30.01,71.89,6.5,752.05,groundnut
116,47,28,19.12,68.71,7.21,480.54,tomato
42,70,46,18.06,77.5,6.28,547.1,tomato
45,31,23,27.22,76.89,7.11,536.37,tomato
101,57,26,22.37,66.92,6.75,465.49,tomato
112,63,50,28.26,72.36,6.04,608.22,tomato
114,30,47,28.57,63.95,7.07,483.67,tomato
69,49,23,24.32,65.31,7.28,528.64,tomato
77,32,39,27.92,63.44,6.75,457.26,tomato
101,47,50,27.06,73.25,7.05,646.89,tomato
96,78,55,22.95,70.91,6.0,615.7,tomato
66,36,60,29.4,66.28,6.07,502.13,tomato
85,60,56,20.32,69.35,6.34,488.66,tomato
87,79,57,23.75,62.05,6.44,663.48,tomato
60,55,58,29.28,75.15,7.24,670.35,tomato
63,57,54,21.93,68.5,6.56,646.41,tomato
88,25,42,20.15,71.16,7.49,475.12,tomato
52,76,25,23.01,64.56,6.92,552.56,tomato
70,23,57,24.99,78.18,7.35,448.04,tomato
116,80,57,24.51,61.78,6.56,412.69,tomato
70,53,25,22.53,76.67,6.62,485.83,tomato
60,49,25,13.66,77.63,5.96,539.26,potato
66,53,35,23.78,75.0,6.38,550.48,potato
68,78,51,15.81,63.84,5.72,578.06,potato
68,28,56,21.12,72.88,5.51,418.15,potato
83,73,49,23.5,66.99,5.86,524.35,potato
68,80,62,10.26,63.72,6.33,579.79,potato
109,72,61,19.3,63.36,5.91,578.51,potato
117,46,61,10.59,66.56,5.51,340.89,potato
84,68,47,18.85,70.13,6.39,543.82,potato
78,21,25,16.23,73.66,6.15,493.86,potato
54,78,30,12.73,79.82,5.55,335.37,potato
71,48,42,20.43,71.69,6.31,413.36,potato
111,42,45,10.72,69.16,6.41,460.67,potato
96,64,48,16.89,60.53,6.34,334.92,potato
63,54,53,15.67,67.26,5.96,517.99,potato
52,75,55,15.85,72.9,6.08,481.19,potato
119,44,62,24.73,71.27,6.29,565.58,potato
110,52,23,18.41,61.39,5.71,304.47,potato
117,26,36,20.62,63.08,6.12,380.78,potato
106,65,46,17.74,73.03,6.47,553.82,potato
89,78,69,26.48,75.1,6.49,1035.65,banana
86,50,44,34.27,77.01,6.74,1654.46,banana
109,49,29,31.09,88.63,7.2,1760.87,banana
97,56,56,27.5,81.02,6.72,1413.96,banana
50,23,46,25.5,86.29,7.29,1796.05,banana
68,41,24,26.88,78.75,6.9,1679.76,banana
103,71,56,29.71,80.45,6.02,1095.09,banana
49,65,67,31.62,83.24,6.13,1701.3,banana
46,62,55,28.25,80.58,7.34,1961.23,banana
77,45,51,29.22,82.6,6.32,1471.61,banana
69,52,60,25.76,84.54,6.55,1613.01,banana
46,39,48,30.03,88.84,6.92,1359.8,banana
62,35,21,34.48,87.15,6.02,1549.36,banana
116,58,22,34.04,76.13,6.85,1015.84,banana
46,63,22,31.44,75.05,7.33,1564.7,banana
88,58,63,32.84,78.21,7.14,1604.9,banana
102,72,69,34.1,76.62,6.35,1417.46,banana
99,46,64,25.29,82.68,6.55,1125.51,banana
98,37,35,33.6,82.27,6.15,1039.21,banana
47,50,28,26.01,87.79,6.12,1743.25,banana
79,49,49,32.62,72.48,6.54,650.89,watermelon
119,31,52,31.73,69.78,7.43,602.16,watermelon
83,71,27,28.77,62.16,7.35,426.02,watermelon
54,74,41,26.67,71.98,7.41,604.86,watermelon
77,47,44,23.64,70.27,7.27,584.76,watermelon
46,43,45,28.99,61.31,6.33,670.45,watermelon
50,35,39,23.74,60.91,6.0,514.41,watermelon
45,20,25,26.3,65.55,6.84,649.93,watermelon
67,38,59,22.12,65.26,7.31,694.14,watermelon
101,31,21,27.48,74.69,6.84,510.75,watermelon
110,56,40,31.03,63.22,6.4,606.78,watermelon
63,44,67,26.41,70.23,6.19,571.31,watermelon
92,32,41,29.34,60.69,7.19,625.89,watermelon
58,72,34,34.96,70.72,7.33,407.76,watermelon
91,29,39,30.48,75.29,6.34,649.42,watermelon
57,60,53,29.31,67.34,6.69,614.82,watermelon
63,37,70,27.41,76.99,6.3,526.22,watermelon
53,22,67,30.1,67.42,7.12,554.31,watermelon
99,34,69,26.12,76.1,6.13,510.38,watermelon
77,41,49,26.42,61.15,6.16,440.29,watermelon
